#CHROM	POS	ID	REF	ALT	QUAL	FILTER	ALLELE	SYMBOL	DS_AG	DS_AL	DS_DG	DS_DL	DP_AG	DP_AL	DP_DG	DP_DL	bin	name	refseq_nov	refseq_version	chrom	strand	txStart	txEnd	cdsStart	cdsEnd	exonCount	exonStarts	exonEnds	score	name2	cdsStartStat	cdsEndStat	exonFrames	RefSeq_ID	refseq_match	dist_exon_start	dist_exon_end	exonic	dist_exon_closest_abs	d_from_exon	d_250bp	d_50bp	DS_AGDG_MIN	DS_AGDG_MAX	DS_AGDG_CUTOFF	SS_AGDG_orientation	GEX_size	GEX_predict	DS_ALDL_MIN	DS_ALDL_MAX	DS_ALDL_CUTOFF	SS_ALDL_orientation	LEX_predict	RET_predict	Cryptic_Acceptor_activ	Cryptic_Donor_activ	Gained_exon_size	Lost_exon_size	Retained_intron_size	bp_5prime	bp_3prime	Partial_intron_retention	Pseudoexon_activation	Partial_exon_deletion	Exon_skipping	Intron_retention	Any_splicing_abberation
13	32889805	BRCA2_c.-40+1G>A	G	A	.	PASS	SpliceAI=A	BRCA2	0.01	0.08	0.59	0.99	-38	754	-100	-1	104	NM_000059.4	NM_000059	4	chr13	1	32889644	32974405	32890597	32972907	27	32889644	32889804	0	BRCA2	cmpl	cmpl	-1	NM_000059.3	FALSE	160	1	no	1	1	NO	NO	0.01	0.59	FAIL	FALSE	FAIL	FAIL	0.08	0.99	PASS	FALSE	FAIL	754	NO	YES	NA	NA	754	0	-99	NO	NO	YES	NO	YES	YES
13	32890533	BRCA2_c.-39-26G>A	G	A	.	PASS	SpliceAI=A	BRCA2	0.02	0.02	0.1	0.09	26	-193	-110	-5	104	NM_000059.4	NM_000059	4	chr13	1	32889644	32974405	32890597	32972907	27	32890558	32890664	0	BRCA2	cmpl	cmpl	0	NM_000059.3	FALSE	-26	-131	no	26	26	NO	NO	0.02	0.1	PASS	FALSE	FAIL	FAIL	0.02	0.09	PASS	TRUE	189	FAIL	NO	NO	NA	189	NA	0	0	NO	NO	NO	YES	NO	YES
13	32890600	BRCA2_c.3G>A	G	A	.	PASS	SpliceAI=A	BRCA2	0	0	0.01	0.01	-156	2614	-9	-177	104	NM_000059.4	NM_000059	4	chr13	1	32889644	32974405	32890597	32972907	27	32890558	32890664	0	BRCA2	cmpl	cmpl	0	NM_000059.3	FALSE	41	-64	yes	41	0	NO	NO	0	0.01	FAIL	TRUE	FAIL	FAIL	0	0.01	FAIL	FALSE	FAIL	FAIL	NO	NO	NA	NA	NA	0	0	NO	NO	NO	NO	NO	NO
13	32890637	BRCA2_c.40A>G	A	G	.	PASS	SpliceAI=G	BRCA2	0.01	0.01	0.04	0.05	-78	-193	-214	-109	104	NM_000059.4	NM_000059	4	chr13	1	32889644	32974405	32890597	32972907	27	32890558	32890664	0	BRCA2	cmpl	cmpl	0	NM_000059.3	FALSE	78	-27	yes	27	0	NO	NO	0.01	0.04	FAIL	FALSE	FAIL	FAIL	0.01	0.05	PASS	TRUE	85	FAIL	NO	NO	NA	85	NA	0	0	NO	NO	NO	YES	NO	YES
13	32890665	BRCA2_c.67+1G>A	G	A	.	PASS	SpliceAI=A	BRCA2	0	0.81	0.19	0.98	-221	-106	-137	-1	104	NM_000059.4	NM_000059	4	chr13	1	32889644	32974405	32890597	32972907	27	32890558	32890664	0	BRCA2	cmpl	cmpl	0	NM_000059.3	FALSE	106	1	no	1	1	NO	NO	0	0.19	FAIL	TRUE	FAIL	FAIL	0.81	0.98	PASS	TRUE	106	FAIL	NO	NO	NA	106	NA	0	0	NO	NO	NO	YES	NO	YES
17	41197774	BRCA1_c.5513T>G	A	C	.	PASS	SpliceAI=C	BRCA1	0.01	0	0.01	0	295	45	1881	3208	899	NM_007294.4	NM_007294	4	chr17	-1	41196311	41277381	41197694	41276113	23	41196311	41197819	0	BRCA1	cmpl	cmpl	1	NM_007294.3	FALSE	1462	-45	yes	45	0	NO	NO	0.01	0.01	FAIL	FALSE	FAIL	FAIL	0	0	FAIL	FALSE	FAIL	FAIL	NO	NO	NA	NA	NA	0	0	NO	NO	NO	NO	NO	NO
17	41197824	BRCA1_c.5468-5T>A	A	T	.	PASS	SpliceAI=T	BRCA1	0.01	0	0.01	0	245	-5	1831	3158	899	NM_007294.4	NM_007294	4	chr17	-1	41196311	41277381	41197694	41276113	23	41196311	41197819	0	BRCA1	cmpl	cmpl	1	NM_007294.3	FALSE	1512	5	no	5	5	NO	NO	0.01	0.01	FAIL	FALSE	FAIL	FAIL	0	0	FAIL	FALSE	FAIL	FAIL	NO	NO	NA	NA	NA	0	0	NO	NO	NO	NO	NO	NO
17	41197829	BRCA1_c.5468-10C>A	G	T	.	PASS	SpliceAI=T	BRCA1	0.01	0	0.01	0	240	-10	1826	3153	899	NM_007294.4	NM_007294	4	chr17	-1	41196311	41277381	41197694	41276113	23	41196311	41197819	0	BRCA1	cmpl	cmpl	1	NM_007294.3	FALSE	1517	10	no	10	10	NO	NO	0.01	0.01	FAIL	FALSE	FAIL	FAIL	0	0	FAIL	FALSE	FAIL	FAIL	NO	NO	NA	NA	NA	0	0	NO	NO	NO	NO	NO	NO
17	41199655	BRCA1_c.5467+5G>C	C	G	.	PASS	SpliceAI=G	BRCA1	0	0.3	0	0.27	5	65	-10	5	899	NM_007294.4	NM_007294	4	chr17	-1	41196311	41277381	41197694	41276113	23	41199659	41199720	0	BRCA1	cmpl	cmpl	0	NM_007294.3	FALSE	-5	-65	no	5	5	NO	NO	0	0	FAIL	TRUE	FAIL	FAIL	0.27	0.3	PASS	TRUE	61	FAIL	NO	NO	NA	61	NA	0	0	NO	NO	NO	YES	NO	YES
17	41199659	BRCA1_c.5467+1G>A	C	T	.	PASS	SpliceAI=T	BRCA1	0	0.43	0.37	0.95	-4	61	-4	1	899	NM_007294.4	NM_007294	4	chr17	-1	41196311	41277381	41197694	41276113	23	41199659	41199720	0	BRCA1	cmpl	cmpl	0	NM_007294.3	FALSE	-1	-61	no	1	1	NO	NO	0	0.37	FAIL	FALSE	FAIL	FAIL	0.43	0.95	PASS	TRUE	61	FAIL	NO	YES	NA	61	NA	0	5	YES	NO	NO	YES	NO	YES
